,pyname,name,range
0,a_filter_2_subtype,A Filter 2 Subtype,"(None, None, None)"
1,b_lfo_4_deform,B LFO 4 Deform,"(-100.0, 100.0, 0.2)"
2,fx_g2_param_7,FX G2 Param 7,"(None, None, None)"
3,a_noise_route,A Noise Route,"(None, None, None)"
4,fx_s4_param_9,FX S4 Param 9,"(None, None, None)"
5,b_lfo_5_attack,B LFO 5 Attack,"(None, None, None)"
6,b_scene_lfo_3_unipolar,B Scene LFO 3 Unipolar,"(False, True, 1)"
7,fx_g2_param_3,FX G2 Param 3,"(None, None, None)"
8,b_lfo_5_phase,B LFO 5 Phase,"(0.0, 100.0, 0.1)"
9,b_lfo_6_attack,B LFO 6 Attack,"(None, None, None)"
10,b_filter_eg_decay_shape,B Filter EG Decay Shape,"(None, None, None)"
11,fx_a2_param_5,FX A2 Param 5,"(None, None, None)"
12,fx_b3_param_10,FX B3 Param 10,"(None, None, None)"
13,fx_a3_param_2,FX A3 Param 2,"(None, None, None)"
14,fx_b3_param_4,FX B3 Param 4,"(None, None, None)"
15,b_noise_route,B Noise Route,"(None, None, None)"
16,fx_b1_param_12,FX B1 Param 12,"(None, None, None)"
17,fx_b2_param_5,FX B2 Param 5,"(None, None, None)"
18,b_filter_2_keytrack,B Filter 2 Keytrack,"(-100.0, 100.0, 0.2)"
19,fx_a4_param_6,FX A4 Param 6,"(None, None, None)"
20,a_scene_lfo_4_rate,A Scene LFO 4 Rate,"(0.008, 512.0, None)"
21,a_filter_2_resonance,A Filter 2 Resonance,"(0.0, 100.0, 0.1)"
22,a_scene_lfo_1_hold,A Scene LFO 1 Hold,"(None, None, None)"
23,a_lfo_6_unipolar,A LFO 6 Unipolar,"(False, True, 1)"
24,active_scene,Active Scene,"(0.0, 1.0, 1.0)"
25,fx_s3_param_1,FX S3 Param 1,"(None, None, None)"
26,fx_a1_fx_type,FX A1 FX Type,"(None, None, None)"
27,a_lfo_5_release,A LFO 5 Release,"(None, None, None)"
28,a_scene_lfo_1_phase,A Scene LFO 1 Phase,"(0.0, 100.0, 0.1)"
29,fx_g1_param_10,FX G1 Param 10,"(None, None, None)"
30,fx_a4_param_3,FX A4 Param 3,"(None, None, None)"
31,a_scene_lfo_6_hold,A Scene LFO 6 Hold,"(None, None, None)"
32,fx_b4_param_8,FX B4 Param 8,"(None, None, None)"
33,b_scene_lfo_5_hold,B Scene LFO 5 Hold,"(None, None, None)"
34,a_scene_lfo_4_attack,A Scene LFO 4 Attack,"(None, None, None)"
35,b_osc_3_retrigger,B Osc 3 Retrigger,"(False, True, 1)"
36,a_osc_3_sync,A Osc 3 Sync,"(None, None, None)"
37,fx_s4_param_10,FX S4 Param 10,"(None, None, None)"
38,b_filter_2_offset_mode,B Filter 2 Offset Mode,"(False, True, 1)"
39,fx_s1_param_10,FX S1 Param 10,"(None, None, None)"
40,b_osc_1_width_2,B Osc 1 Width 2,"(0.0, 100.0, 0.1)"
41,fx_b2_param_3,FX B2 Param 3,"(None, None, None)"
42,fx_a4_param_9,FX A4 Param 9,"(None, None, None)"
43,a_osc_3_width_1,A Osc 3 Width 1,"(0.0, 100.0, 0.1)"
44,a_link_resonance,A Link Resonance,"(False, True, 1)"
45,a_lfo_3_release,A LFO 3 Release,"(None, None, None)"
46,a_osc_1_unison_detune,A Osc 1 Unison Detune,"(None, None, None)"
47,a_amp_eg_decay,A Amp EG Decay,"(None, None, None)"
48,fx_a2_fx_type,FX A2 FX Type,"(None, None, None)"
49,a_osc_2_width_2,A Osc 2 Width 2,"(0.0, 100.0, 0.1)"
50,b_osc_1_volume,B Osc 1 Volume,"(-inf, 0.0, None)"
51,b_scene_lfo_4_hold,B Scene LFO 4 Hold,"(None, None, None)"
52,a_lfo_3_decay,A LFO 3 Decay,"(None, None, None)"
53,fx_a3_param_1,FX A3 Param 1,"(None, None, None)"
54,b_scene_lfo_2_decay,B Scene LFO 2 Decay,"(None, None, None)"
55,b_scene_lfo_6_type,B Scene LFO 6 Type,"(None, None, None)"
56,b_scene_lfo_4_unipolar,B Scene LFO 4 Unipolar,"(False, True, 1)"
57,fx_s3_param_9,FX S3 Param 9,"(None, None, None)"
58,fx_b2_param_2,FX B2 Param 2,"(None, None, None)"
59,b_scene_lfo_2_release,B Scene LFO 2 Release,"(None, None, None)"
60,b_lfo_5_sustain,B LFO 5 Sustain,"(0.0, 100.0, 0.1)"
61,b_filter_2_cutoff,B Filter 2 Cutoff,"(13.75, 25087.71, None)"
62,b_osc_3_sync,B Osc 3 Sync,"(None, None, None)"
63,a_lfo_6_release,A LFO 6 Release,"(None, None, None)"
64,a_scene_lfo_6_attack,A Scene LFO 6 Attack,"(None, None, None)"
65,fx_s3_param_3,FX S3 Param 3,"(None, None, None)"
66,b_lfo_2_deform,B LFO 2 Deform,"(-100.0, 100.0, 0.2)"
67,b_osc_1_unison_detune,B Osc 1 Unison Detune,"(None, None, None)"
68,a_waveshaper_type,A Waveshaper Type,"(None, None, None)"
69,a_amp_eg_sustain,A Amp EG Sustain,"(0.0, 100.0, 0.1)"
70,a_scene_lfo_3_unipolar,A Scene LFO 3 Unipolar,"(False, True, 1)"
71,fx_a3_param_4,FX A3 Param 4,"(None, None, None)"
72,fx_b3_param_12,FX B3 Param 12,"(None, None, None)"
73,b_lfo_6_rate,B LFO 6 Rate,"(0.008, 512.0, None)"
74,a_lfo_3_amplitude,A LFO 3 Amplitude,"(0.0, 100.0, 0.1)"
75,a_scene_lfo_3_trigger_mode,A Scene LFO 3 Trigger Mode,"(None, None, None)"
76,a_ring_modulation_1x2_mute,A Ring Modulation 1x2 Mute,"(False, True, 1)"
77,fx_a2_param_10,FX A2 Param 10,"(None, None, None)"
78,a_scene_lfo_2_deform,A Scene LFO 2 Deform,"(-100.0, 100.0, 0.2)"
79,fx_s3_param_6,FX S3 Param 6,"(None, None, None)"
80,b_lfo_3_sustain,B LFO 3 Sustain,"(0.0, 100.0, 0.1)"
81,fx_a4_param_12,FX A4 Param 12,"(None, None, None)"
82,fx_a3_param_11,FX A3 Param 11,"(None, None, None)"
83,a_lfo_1_sustain,A LFO 1 Sustain,"(0.0, 100.0, 0.1)"
84,a_lfo_3_delay,A LFO 3 Delay,"(None, None, None)"
85,a_scene_lfo_2_trigger_mode,A Scene LFO 2 Trigger Mode,"(None, None, None)"
86,a_scene_lfo_5_deform,A Scene LFO 5 Deform,"(-100.0, 100.0, 0.2)"
87,b_filter_1_resonance,B Filter 1 Resonance,"(0.0, 100.0, 0.1)"
88,fx_s2_param_12,FX S2 Param 12,"(None, None, None)"
89,m8,M8: -,"(0.0, 0.0, None)"
90,b_lfo_1_deform,B LFO 1 Deform,"(-100.0, 100.0, 0.2)"
91,b_scene_lfo_2_unipolar,B Scene LFO 2 Unipolar,"(False, True, 1)"
92,a_scene_lfo_5_decay,A Scene LFO 5 Decay,"(None, None, None)"
93,fx_a3_param_10,FX A3 Param 10,"(None, None, None)"
94,a_filter_1_feg_mod_amount,A Filter 1 FEG Mod Amount,"(None, None, None)"
95,a_pre_filter_gain,A Pre-Filter Gain,"(-48.0, 48.0, None)"
96,a_amp_eg_release_shape,A Amp EG Release Shape,"(None, None, None)"
97,a_fm_routing,A FM Routing,"(None, None, None)"
98,a_scene_lfo_4_release,A Scene LFO 4 Release,"(None, None, None)"
99,a_scene_lfo_6_delay,A Scene LFO 6 Delay,"(None, None, None)"
100,b_lfo_1_delay,B LFO 1 Delay,"(None, None, None)"
101,b_scene_lfo_2_hold,B Scene LFO 2 Hold,"(None, None, None)"
102,b_scene_lfo_1_attack,B Scene LFO 1 Attack,"(None, None, None)"
103,a_lfo_5_trigger_mode,A LFO 5 Trigger Mode,"(None, None, None)"
104,b_waveshaper_type,B Waveshaper Type,"(None, None, None)"
105,b_width,B Width,"(-100.0, 100.0, 0.2)"
106,a_scene_lfo_1_type,A Scene LFO 1 Type,"(None, None, None)"
107,a_scene_lfo_6_release,A Scene LFO 6 Release,"(None, None, None)"
108,fx_a4_param_5,FX A4 Param 5,"(None, None, None)"
109,b_lfo_6_deform,B LFO 6 Deform,"(-100.0, 100.0, 0.2)"
110,a_lfo_1_release,A LFO 1 Release,"(None, None, None)"
111,a_scene_lfo_2_hold,A Scene LFO 2 Hold,"(None, None, None)"
112,b_lfo_1_amplitude,B LFO 1 Amplitude,"(0.0, 100.0, 0.1)"
113,a_send_fx_3_level,A Send FX 3 Level,"(-inf, 12.0, None)"
114,m1,M1: -,"(0.0, 0.0, None)"
115,b_osc_3_sub_mix,B Osc 3 Sub Mix,"(0.0, 100.0, 0.1)"
116,b_scene_lfo_1_phase,B Scene LFO 1 Phase,"(0.0, 100.0, 0.1)"
117,a_lfo_2_hold,A LFO 2 Hold,"(None, None, None)"
118,a_lfo_3_trigger_mode,A LFO 3 Trigger Mode,"(None, None, None)"
119,send_fx_4_return,Send FX 4 Return,"(-inf, 0.0, None)"
120,fx_a1_param_10,FX A1 Param 10,"(None, None, None)"
121,b_lfo_1_type,B LFO 1 Type,"(None, None, None)"
122,fx_g1_param_4,FX G1 Param 4,"(None, None, None)"
123,a_filter_eg_sustain,A Filter EG Sustain,"(0.0, 100.0, 0.1)"
124,b_waveshaper_drive,B Waveshaper Drive,"(-24.0, 24.0, None)"
125,b_link_resonance,B Link Resonance,"(False, True, 1)"
126,b_osc_3_volume,B Osc 3 Volume,"(-inf, 0.0, None)"
127,b_lfo_3_decay,B LFO 3 Decay,"(None, None, None)"
128,fx_a2_param_12,FX A2 Param 12,"(None, None, None)"
129,b_scene_lfo_5_type,B Scene LFO 5 Type,"(None, None, None)"
130,a_osc_2_shape,A Osc 2 Shape,"(-100.0, 100.0, 0.2)"
131,a_lfo_2_sustain,A LFO 2 Sustain,"(0.0, 100.0, 0.1)"
132,b_lfo_4_unipolar,B LFO 4 Unipolar,"(False, True, 1)"
133,b_scene_lfo_4_decay,B Scene LFO 4 Decay,"(None, None, None)"
134,b_scene_lfo_5_sustain,B Scene LFO 5 Sustain,"(0.0, 100.0, 0.1)"
135,a_scene_lfo_3_decay,A Scene LFO 3 Decay,"(None, None, None)"
136,a_filter_2_feg_mod_amount,A Filter 2 FEG Mod Amount,"(None, None, None)"
137,b_keytrack_root_key,B Keytrack Root Key,"(None, None, None)"
138,b_lfo_1_hold,B LFO 1 Hold,"(None, None, None)"
139,b_osc_3_shape,B Osc 3 Shape,"(-100.0, 100.0, 0.2)"
140,b_amp_eg_release_shape,B Amp EG Release Shape,"(None, None, None)"
141,fx_g4_param_7,FX G4 Param 7,"(None, None, None)"
142,b_filter_eg_decay,B Filter EG Decay,"(None, None, None)"
143,fx_b4_param_12,FX B4 Param 12,"(None, None, None)"
144,b_osc_3_unison_voices,B Osc 3 Unison Voices,"(None, None, None)"
145,a_lfo_3_attack,A LFO 3 Attack,"(None, None, None)"
146,a_osc_2_volume,A Osc 2 Volume,"(-inf, 0.0, None)"
147,a_ring_modulation_2x3_volume,A Ring Modulation 2x3 Volume,"(-inf, 0.0, None)"
148,a_filter_eg_decay,A Filter EG Decay,"(None, None, None)"
149,fx_s3_param_8,FX S3 Param 8,"(None, None, None)"
150,fx_b1_param_6,FX B1 Param 6,"(None, None, None)"
151,b_filter_1_subtype,B Filter 1 Subtype,"(None, None, None)"
152,b_osc_1_solo,B Osc 1 Solo,"(False, True, 1)"
153,a_volume,A Volume,"(-inf, 0.0, None)"
154,a_scene_lfo_2_rate,A Scene LFO 2 Rate,"(0.008, 512.0, None)"
155,a_lfo_6_hold,A LFO 6 Hold,"(None, None, None)"
156,fx_b3_param_7,FX B3 Param 7,"(None, None, None)"
157,b_osc_1_pitch,B Osc 1 Pitch,"(None, None, None)"
158,a_scene_lfo_3_type,A Scene LFO 3 Type,"(None, None, None)"
159,b_scene_lfo_6_hold,B Scene LFO 6 Hold,"(None, None, None)"
160,fx_g4_param_6,FX G4 Param 6,"(None, None, None)"
161,a_lfo_2_decay,A LFO 2 Decay,"(None, None, None)"
162,fx_b1_param_11,FX B1 Param 11,"(None, None, None)"
163,a_pitch_bend_down_range,A Pitch Bend Down Range,"(None, None, None)"
164,b_amp_eg_sustain,B Amp EG Sustain,"(0.0, 100.0, 0.1)"
165,b_scene_lfo_6_sustain,B Scene LFO 6 Sustain,"(0.0, 100.0, 0.1)"
166,fx_b4_param_2,FX B4 Param 2,"(None, None, None)"
167,a_osc_3_octave,A Osc 3 Octave,"(-3.0, 3.0, 1.0)"
168,m5,M5: -,"(0.0, 0.0, None)"
169,fx_a1_param_11,FX A1 Param 11,"(None, None, None)"
170,a_vca_gain,A VCA Gain,"(-48.0, 48.0, None)"
171,fx_g4_param_1,FX G4 Param 1,"(None, None, None)"
172,a_scene_lfo_3_phase,A Scene LFO 3 Phase,"(0.0, 100.0, 0.1)"
173,b_portamento,B Portamento,"(None, None, None)"
174,a_scene_lfo_5_attack,A Scene LFO 5 Attack,"(None, None, None)"
175,b_scene_lfo_1_decay,B Scene LFO 1 Decay,"(None, None, None)"
176,a_scene_lfo_4_amplitude,A Scene LFO 4 Amplitude,"(0.0, 100.0, 0.1)"
177,a_scene_lfo_5_type,A Scene LFO 5 Type,"(None, None, None)"
178,b_lfo_6_decay,B LFO 6 Decay,"(None, None, None)"
179,a_scene_lfo_4_trigger_mode,A Scene LFO 4 Trigger Mode,"(None, None, None)"
180,fx_g1_param_11,FX G1 Param 11,"(None, None, None)"
181,fx_a1_param_5,FX A1 Param 5,"(None, None, None)"
182,b_scene_lfo_6_phase,B Scene LFO 6 Phase,"(0.0, 100.0, 0.1)"
183,b_osc_2_shape,B Osc 2 Shape,"(-100.0, 100.0, 0.2)"
184,a_pan,A Pan,"(None, None, None)"
185,a_filter_2_keytrack,A Filter 2 Keytrack,"(-100.0, 100.0, 0.2)"
186,a_lfo_6_type,A LFO 6 Type,"(None, None, None)"
187,fx_b2_param_11,FX B2 Param 11,"(None, None, None)"
188,a_scene_lfo_4_delay,A Scene LFO 4 Delay,"(None, None, None)"
189,global_volume,Global Volume,"(-48.0, 0.0, None)"
190,b_osc_1_width_1,B Osc 1 Width 1,"(0.0, 100.0, 0.1)"
191,b_lfo_2_type,B LFO 2 Type,"(None, None, None)"
192,b_lfo_5_trigger_mode,B LFO 5 Trigger Mode,"(None, None, None)"
193,b_scene_lfo_4_release,B Scene LFO 4 Release,"(None, None, None)"
194,a_filter_1_subtype,A Filter 1 Subtype,"(None, None, None)"
195,fx_a2_param_9,FX A2 Param 9,"(None, None, None)"
196,fx_s4_param_6,FX S4 Param 6,"(None, None, None)"
197,a_osc_3_width_2,A Osc 3 Width 2,"(0.0, 100.0, 0.1)"
198,b_osc_1_type,B Osc 1 Type,"(None, None, None)"
199,b_scene_lfo_3_delay,B Scene LFO 3 Delay,"(None, None, None)"
200,fx_a4_param_8,FX A4 Param 8,"(None, None, None)"
201,fx_a1_param_2,FX A1 Param 2,"(None, None, None)"
202,fx_g3_param_2,FX G3 Param 2,"(None, None, None)"
203,a_scene_lfo_2_unipolar,A Scene LFO 2 Unipolar,"(False, True, 1)"
204,b_scene_lfo_5_rate,B Scene LFO 5 Rate,"(0.008, 512.0, None)"
205,fx_g3_param_8,FX G3 Param 8,"(None, None, None)"
206,a_lfo_4_attack,A LFO 4 Attack,"(None, None, None)"
207,a_osc_3_type,A Osc 3 Type,"(None, None, None)"
208,b_lfo_2_hold,B LFO 2 Hold,"(None, None, None)"
209,b_lfo_6_delay,B LFO 6 Delay,"(None, None, None)"
210,b_osc_2_sync,B Osc 2 Sync,"(None, None, None)"
211,b_osc_2_unison_voices,B Osc 2 Unison Voices,"(None, None, None)"
212,b_pitch,B Pitch,"(None, None, None)"
213,b_amp_eg_envelope_mode,B Amp EG Envelope Mode,"(None, None, None)"
214,a_lfo_2_deform,A LFO 2 Deform,"(-100.0, 100.0, 0.2)"
215,fx_s4_param_3,FX S4 Param 3,"(None, None, None)"
216,b_scene_lfo_6_trigger_mode,B Scene LFO 6 Trigger Mode,"(None, None, None)"
217,fx_b4_param_1,FX B4 Param 1,"(None, None, None)"
218,b_filter_1_keytrack,B Filter 1 Keytrack,"(-100.0, 100.0, 0.2)"
219,a_lfo_4_phase,A LFO 4 Phase,"(0.0, 100.0, 0.1)"
220,b_osc_3_keytrack,B Osc 3 Keytrack,"(False, True, 1)"
221,fx_b4_param_11,FX B4 Param 11,"(None, None, None)"
222,fx_b4_param_3,FX B4 Param 3,"(None, None, None)"
223,fx_a3_param_3,FX A3 Param 3,"(None, None, None)"
224,b_lfo_1_decay,B LFO 1 Decay,"(None, None, None)"
225,fx_b3_fx_type,FX B3 FX Type,"(None, None, None)"
226,fx_a3_param_12,FX A3 Param 12,"(None, None, None)"
227,b_lfo_1_rate,B LFO 1 Rate,"(0.008, 512.0, None)"
228,a_osc_3_shape,A Osc 3 Shape,"(-100.0, 100.0, 0.2)"
229,fx_s2_param_1,FX S2 Param 1,"(None, None, None)"
230,a_lfo_1_unipolar,A LFO 1 Unipolar,"(False, True, 1)"
231,a_osc_1_type,A Osc 1 Type,"(None, None, None)"
232,a_osc_drift,A Osc Drift,"(0.0, 100.0, 0.1)"
233,b_lfo_4_phase,B LFO 4 Phase,"(0.0, 100.0, 0.1)"
234,b_ring_modulation_1x2_mute,B Ring Modulation 1x2 Mute,"(False, True, 1)"
235,b_amp_eg_attack_shape,B Amp EG Attack Shape,"(None, None, None)"
236,a_lfo_6_deform,A LFO 6 Deform,"(-100.0, 100.0, 0.2)"
237,b_lfo_3_rate,B LFO 3 Rate,"(0.008, 512.0, None)"
238,b_lfo_6_unipolar,B LFO 6 Unipolar,"(False, True, 1)"
239,a_filter_1_cutoff,A Filter 1 Cutoff,"(13.75, 25087.71, None)"
240,a_lfo_6_decay,A LFO 6 Decay,"(None, None, None)"
241,b_lfo_6_release,B LFO 6 Release,"(None, None, None)"
242,a_scene_lfo_6_amplitude,A Scene LFO 6 Amplitude,"(0.0, 100.0, 0.1)"
243,b_osc_2_retrigger,B Osc 2 Retrigger,"(False, True, 1)"
244,a_noise_solo,A Noise Solo,"(False, True, 1)"
245,b_scene_lfo_6_attack,B Scene LFO 6 Attack,"(None, None, None)"
246,fx_b4_param_7,FX B4 Param 7,"(None, None, None)"
247,fx_s4_param_7,FX S4 Param 7,"(None, None, None)"
248,a_lfo_4_delay,A LFO 4 Delay,"(None, None, None)"
249,a_lfo_2_rate,A LFO 2 Rate,"(0.008, 512.0, None)"
250,a_portamento,A Portamento,"(None, None, None)"
251,b_scene_lfo_3_deform,B Scene LFO 3 Deform,"(-100.0, 100.0, 0.2)"
252,fx_a1_param_7,FX A1 Param 7,"(None, None, None)"
253,a_scene_lfo_2_amplitude,A Scene LFO 2 Amplitude,"(0.0, 100.0, 0.1)"
254,b_amp_eg_decay_shape,B Amp EG Decay Shape,"(None, None, None)"
255,fx_b3_param_8,FX B3 Param 8,"(None, None, None)"
256,fx_b3_param_2,FX B3 Param 2,"(None, None, None)"
257,a_lfo_4_decay,A LFO 4 Decay,"(None, None, None)"
258,b_lfo_4_hold,B LFO 4 Hold,"(None, None, None)"
259,a_osc_3_volume,A Osc 3 Volume,"(-inf, 0.0, None)"
260,b_scene_lfo_1_delay,B Scene LFO 1 Delay,"(None, None, None)"
261,a_pitch_bend_up_range,A Pitch Bend Up Range,"(None, None, None)"
262,b_pre_filter_gain,B Pre-Filter Gain,"(-48.0, 48.0, None)"
263,b_filter_1_feg_mod_amount,B Filter 1 FEG Mod Amount,"(None, None, None)"
264,fx_b1_param_10,FX B1 Param 10,"(None, None, None)"
265,a_lfo_5_amplitude,A LFO 5 Amplitude,"(0.0, 100.0, 0.1)"
266,a_scene_lfo_4_sustain,A Scene LFO 4 Sustain,"(0.0, 100.0, 0.1)"
267,b_filter_configuration,B Filter Configuration,"(None, None, None)"
268,b_scene_lfo_4_rate,B Scene LFO 4 Rate,"(0.008, 512.0, None)"
269,b_amp_eg_decay,B Amp EG Decay,"(None, None, None)"
270,a_osc_3_unison_voices,A Osc 3 Unison Voices,"(None, None, None)"
271,a_osc_1_unison_voices,A Osc 1 Unison Voices,"(None, None, None)"
272,b_send_fx_4_level,B Send FX 4 Level,"(-inf, 12.0, None)"
273,fx_b4_param_9,FX B4 Param 9,"(None, None, None)"
274,b_filter_eg_release,B Filter EG Release,"(None, None, None)"
275,b_lfo_5_deform,B LFO 5 Deform,"(-100.0, 100.0, 0.2)"
276,fx_chain_bypass,FX Chain Bypass,"(None, None, None)"
277,a_lfo_4_sustain,A LFO 4 Sustain,"(0.0, 100.0, 0.1)"
278,fx_g4_param_12,FX G4 Param 12,"(None, None, None)"
279,a_pitch,A Pitch,"(None, None, None)"
280,b_scene_lfo_3_hold,B Scene LFO 3 Hold,"(None, None, None)"
281,a_lfo_3_rate,A LFO 3 Rate,"(0.008, 512.0, None)"
282,a_waveshaper_drive,A Waveshaper Drive,"(-24.0, 24.0, None)"
283,a_lfo_5_phase,A LFO 5 Phase,"(0.0, 100.0, 0.1)"
284,b_lfo_2_release,B LFO 2 Release,"(None, None, None)"
285,fx_a3_fx_type,FX A3 FX Type,"(None, None, None)"
286,a_osc_1_solo,A Osc 1 Solo,"(False, True, 1)"
287,a_scene_lfo_6_phase,A Scene LFO 6 Phase,"(0.0, 100.0, 0.1)"
288,fx_a2_param_4,FX A2 Param 4,"(None, None, None)"
289,fx_s3_param_5,FX S3 Param 5,"(None, None, None)"
290,a_scene_lfo_2_decay,A Scene LFO 2 Decay,"(None, None, None)"
291,b_noise_volume,B Noise Volume,"(-inf, 0.0, None)"
292,a_osc_2_unison_voices,A Osc 2 Unison Voices,"(None, None, None)"
293,a_scene_lfo_6_unipolar,A Scene LFO 6 Unipolar,"(False, True, 1)"
294,fx_b3_param_6,FX B3 Param 6,"(None, None, None)"
295,a_lfo_6_rate,A LFO 6 Rate,"(0.008, 512.0, None)"
296,a_fm_depth,A FM Depth,"(-48.0, 24.0, None)"
297,fx_s3_param_4,FX S3 Param 4,"(None, None, None)"
298,b_lfo_4_delay,B LFO 4 Delay,"(None, None, None)"
299,fx_a4_param_4,FX A4 Param 4,"(None, None, None)"
300,fx_a2_param_11,FX A2 Param 11,"(None, None, None)"
301,b_lfo_2_rate,B LFO 2 Rate,"(0.008, 512.0, None)"
302,fx_a3_param_7,FX A3 Param 7,"(None, None, None)"
303,fx_s2_param_6,FX S2 Param 6,"(None, None, None)"
304,b_scene_lfo_5_deform,B Scene LFO 5 Deform,"(-100.0, 100.0, 0.2)"
305,a_osc_3_retrigger,A Osc 3 Retrigger,"(False, True, 1)"
306,a_filter_1_type,A Filter 1 Type,"(None, None, None)"
307,fx_a1_param_1,FX A1 Param 1,"(None, None, None)"
308,a_lfo_1_hold,A LFO 1 Hold,"(None, None, None)"
309,b_lfo_3_hold,B LFO 3 Hold,"(None, None, None)"
310,fx_g2_param_8,FX G2 Param 8,"(None, None, None)"
311,a_scene_lfo_1_amplitude,A Scene LFO 1 Amplitude,"(0.0, 100.0, 0.1)"
312,a_lfo_4_hold,A LFO 4 Hold,"(None, None, None)"
313,fx_g2_fx_type,FX G2 FX Type,"(None, None, None)"
314,b_ring_modulation_2x3_solo,B Ring Modulation 2x3 Solo,"(False, True, 1)"
315,a_lfo_3_deform,A LFO 3 Deform,"(-100.0, 100.0, 0.2)"
316,fx_g4_param_4,FX G4 Param 4,"(None, None, None)"
317,b_ring_modulation_1x2_volume,B Ring Modulation 1x2 Volume,"(-inf, 0.0, None)"
318,a_osc_1_route,A Osc 1 Route,"(None, None, None)"
319,fx_s1_param_7,FX S1 Param 7,"(None, None, None)"
320,fx_g2_param_1,FX G2 Param 1,"(None, None, None)"
321,a_feedback,A Feedback,"(-100.0, 100.0, 0.2)"
322,fx_s3_param_11,FX S3 Param 11,"(None, None, None)"
323,a_lfo_5_type,A LFO 5 Type,"(None, None, None)"
324,a_velocity_vca_gain,A Velocity > VCA Gain,"(-48.0, 0.0, None)"
325,a_osc_3_pitch,A Osc 3 Pitch,"(None, None, None)"
326,fx_g3_fx_type,FX G3 FX Type,"(None, None, None)"
327,a_osc_2_mute,A Osc 2 Mute,"(False, True, 1)"
328,a_osc_2_route,A Osc 2 Route,"(None, None, None)"
329,fx_s1_param_9,FX S1 Param 9,"(None, None, None)"
330,b_scene_lfo_5_phase,B Scene LFO 5 Phase,"(0.0, 100.0, 0.1)"
331,b_scene_lfo_1_type,B Scene LFO 1 Type,"(None, None, None)"
332,b_lfo_6_phase,B LFO 6 Phase,"(0.0, 100.0, 0.1)"
333,fx_a2_param_8,FX A2 Param 8,"(None, None, None)"
334,m7,M7: -,"(0.0, 0.0, None)"
335,a_lfo_3_hold,A LFO 3 Hold,"(None, None, None)"
336,b_lfo_1_phase,B LFO 1 Phase,"(0.0, 100.0, 0.1)"
337,b_scene_lfo_6_amplitude,B Scene LFO 6 Amplitude,"(0.0, 100.0, 0.1)"
338,fx_s2_param_11,FX S2 Param 11,"(None, None, None)"
339,a_scene_lfo_1_trigger_mode,A Scene LFO 1 Trigger Mode,"(None, None, None)"
340,b_scene_lfo_5_unipolar,B Scene LFO 5 Unipolar,"(False, True, 1)"
341,a_filter_balance,A Filter Balance,"(-100.0, 100.0, 0.2)"
342,b_filter_1_type,B Filter 1 Type,"(None, None, None)"
343,b_osc_1_sub_mix,B Osc 1 Sub Mix,"(0.0, 100.0, 0.1)"
344,fx_g1_param_1,FX G1 Param 1,"(None, None, None)"
345,a_scene_lfo_2_attack,A Scene LFO 2 Attack,"(None, None, None)"
346,b_feedback,B Feedback,"(-100.0, 100.0, 0.2)"
347,a_scene_lfo_5_phase,A Scene LFO 5 Phase,"(0.0, 100.0, 0.1)"
348,b_lfo_6_hold,B LFO 6 Hold,"(None, None, None)"
349,b_scene_lfo_1_hold,B Scene LFO 1 Hold,"(None, None, None)"
350,fx_s4_param_1,FX S4 Param 1,"(None, None, None)"
351,a_filter_eg_release,A Filter EG Release,"(None, None, None)"
352,fx_g2_param_10,FX G2 Param 10,"(None, None, None)"
353,fx_s1_param_2,FX S1 Param 2,"(None, None, None)"
354,fx_a3_param_6,FX A3 Param 6,"(None, None, None)"
355,b_scene_lfo_1_amplitude,B Scene LFO 1 Amplitude,"(0.0, 100.0, 0.1)"
356,b_lfo_2_phase,B LFO 2 Phase,"(0.0, 100.0, 0.1)"
357,a_amp_eg_attack_shape,A Amp EG Attack Shape,"(None, None, None)"
358,fx_g1_param_8,FX G1 Param 8,"(None, None, None)"
359,b_scene_lfo_5_trigger_mode,B Scene LFO 5 Trigger Mode,"(None, None, None)"
360,b_filter_balance,B Filter Balance,"(-100.0, 100.0, 0.2)"
361,b_osc_2_keytrack,B Osc 2 Keytrack,"(False, True, 1)"
362,b_amp_eg_attack,B Amp EG Attack,"(None, None, None)"
363,a_scene_lfo_6_type,A Scene LFO 6 Type,"(None, None, None)"
364,a_scene_lfo_3_rate,A Scene LFO 3 Rate,"(0.008, 512.0, None)"
365,b_fm_depth,B FM Depth,"(-48.0, 24.0, None)"
366,b_scene_lfo_6_decay,B Scene LFO 6 Decay,"(None, None, None)"
367,fx_g4_param_8,FX G4 Param 8,"(None, None, None)"
368,fx_s1_param_12,FX S1 Param 12,"(None, None, None)"
369,b_osc_1_shape,B Osc 1 Shape,"(-100.0, 100.0, 0.2)"
370,fx_b1_param_3,FX B1 Param 3,"(None, None, None)"
371,scene_mode,Scene Mode,"(None, None, None)"
372,a_lfo_4_rate,A LFO 4 Rate,"(0.008, 512.0, None)"
373,b_scene_lfo_3_decay,B Scene LFO 3 Decay,"(None, None, None)"
374,fx_b1_param_5,FX B1 Param 5,"(None, None, None)"
375,a_osc_1_width_2,A Osc 1 Width 2,"(0.0, 100.0, 0.1)"
376,a_lfo_4_trigger_mode,A LFO 4 Trigger Mode,"(None, None, None)"
377,a_lfo_6_sustain,A LFO 6 Sustain,"(0.0, 100.0, 0.1)"
378,fx_a4_param_1,FX A4 Param 1,"(None, None, None)"
379,b_lfo_3_delay,B LFO 3 Delay,"(None, None, None)"
380,a_lfo_6_phase,A LFO 6 Phase,"(0.0, 100.0, 0.1)"
381,a_osc_2_retrigger,A Osc 2 Retrigger,"(False, True, 1)"
382,b_ring_modulation_1x2_route,B Ring Modulation 1x2 Route,"(None, None, None)"
383,b_lfo_6_trigger_mode,B LFO 6 Trigger Mode,"(None, None, None)"
384,b_scene_lfo_3_type,B Scene LFO 3 Type,"(None, None, None)"
385,a_osc_2_pitch,A Osc 2 Pitch,"(None, None, None)"
386,b_scene_lfo_2_rate,B Scene LFO 2 Rate,"(0.008, 512.0, None)"
387,b_osc_1_unison_voices,B Osc 1 Unison Voices,"(None, None, None)"
388,b_osc_1_octave,B Osc 1 Octave,"(-3.0, 3.0, 1.0)"
389,a_amp_eg_attack,A Amp EG Attack,"(None, None, None)"
390,b_lfo_2_sustain,B LFO 2 Sustain,"(0.0, 100.0, 0.1)"
391,fx_a1_param_8,FX A1 Param 8,"(None, None, None)"
392,fx_s2_param_3,FX S2 Param 3,"(None, None, None)"
393,fx_b2_param_9,FX B2 Param 9,"(None, None, None)"
394,a_send_fx_2_level,A Send FX 2 Level,"(-inf, 12.0, None)"
395,a_scene_lfo_5_rate,A Scene LFO 5 Rate,"(0.008, 512.0, None)"
396,b_highpass,B Highpass,"(6.88, 1046.5, None)"
397,fx_s4_param_2,FX S4 Param 2,"(None, None, None)"
398,b_lfo_1_trigger_mode,B LFO 1 Trigger Mode,"(None, None, None)"
399,b_scene_lfo_2_trigger_mode,B Scene LFO 2 Trigger Mode,"(None, None, None)"
400,fx_g2_param_12,FX G2 Param 12,"(None, None, None)"
401,fx_s1_param_11,FX S1 Param 11,"(None, None, None)"
402,a_lfo_1_attack,A LFO 1 Attack,"(None, None, None)"
403,fx_s3_fx_type,FX S3 FX Type,"(None, None, None)"
404,fx_s3_param_7,FX S3 Param 7,"(None, None, None)"
405,b_scene_lfo_3_rate,B Scene LFO 3 Rate,"(0.008, 512.0, None)"
406,a_osc_1_mute,A Osc 1 Mute,"(False, True, 1)"
407,fx_s1_param_8,FX S1 Param 8,"(None, None, None)"
408,a_scene_lfo_5_delay,A Scene LFO 5 Delay,"(None, None, None)"
409,fx_g2_param_5,FX G2 Param 5,"(None, None, None)"
410,a_ring_modulation_1x2_solo,A Ring Modulation 1x2 Solo,"(False, True, 1)"
411,a_amp_eg_release,A Amp EG Release,"(None, None, None)"
412,a_scene_lfo_3_hold,A Scene LFO 3 Hold,"(None, None, None)"
413,b_osc_1_mute,B Osc 1 Mute,"(False, True, 1)"
414,fx_disable,FX Disable,"(None, None, None)"
415,a_scene_lfo_2_delay,A Scene LFO 2 Delay,"(None, None, None)"
416,a_scene_lfo_2_sustain,A Scene LFO 2 Sustain,"(0.0, 100.0, 0.1)"
417,a_noise_color,A Noise Color,"(-100.0, 100.0, 0.2)"
418,b_scene_lfo_3_attack,B Scene LFO 3 Attack,"(None, None, None)"
419,fx_s3_param_2,FX S3 Param 2,"(None, None, None)"
420,b_scene_lfo_2_amplitude,B Scene LFO 2 Amplitude,"(0.0, 100.0, 0.1)"
421,a_osc_3_unison_detune,A Osc 3 Unison Detune,"(None, None, None)"
422,a_scene_lfo_1_decay,A Scene LFO 1 Decay,"(None, None, None)"
423,fx_b2_param_1,FX B2 Param 1,"(None, None, None)"
424,a_lfo_6_trigger_mode,A LFO 6 Trigger Mode,"(None, None, None)"
425,b_lfo_5_decay,B LFO 5 Decay,"(None, None, None)"
426,fx_b2_param_12,FX B2 Param 12,"(None, None, None)"
427,fx_a1_param_3,FX A1 Param 3,"(None, None, None)"
428,a_octave,A Octave,"(-3.0, 3.0, 1.0)"
429,b_scene_lfo_4_delay,B Scene LFO 4 Delay,"(None, None, None)"
430,a_scene_lfo_3_delay,A Scene LFO 3 Delay,"(None, None, None)"
431,fx_a4_param_10,FX A4 Param 10,"(None, None, None)"
432,b_lfo_4_rate,B LFO 4 Rate,"(0.008, 512.0, None)"
433,b_lfo_4_decay,B LFO 4 Decay,"(None, None, None)"
434,b_osc_drift,B Osc Drift,"(0.0, 100.0, 0.1)"
435,b_lfo_1_attack,B LFO 1 Attack,"(None, None, None)"
436,a_amp_eg_decay_shape,A Amp EG Decay Shape,"(None, None, None)"
437,fx_b3_param_9,FX B3 Param 9,"(None, None, None)"
438,fx_a1_param_9,FX A1 Param 9,"(None, None, None)"
439,a_osc_3_mute,A Osc 3 Mute,"(False, True, 1)"
440,split_point,Split Point,"(None, None, None)"
441,fx_a4_fx_type,FX A4 FX Type,"(None, None, None)"
442,a_lfo_1_delay,A LFO 1 Delay,"(None, None, None)"
443,a_scene_lfo_3_attack,A Scene LFO 3 Attack,"(None, None, None)"
444,a_lfo_1_decay,A LFO 1 Decay,"(None, None, None)"
445,b_lfo_2_delay,B LFO 2 Delay,"(None, None, None)"
446,fx_b2_param_4,FX B2 Param 4,"(None, None, None)"
447,b_lfo_4_sustain,B LFO 4 Sustain,"(0.0, 100.0, 0.1)"
448,b_scene_lfo_5_attack,B Scene LFO 5 Attack,"(None, None, None)"
449,a_filter_configuration,A Filter Configuration,"(None, None, None)"
450,a_ring_modulation_1x2_volume,A Ring Modulation 1x2 Volume,"(-inf, 0.0, None)"
451,a_lfo_4_deform,A LFO 4 Deform,"(-100.0, 100.0, 0.2)"
452,fx_s3_param_12,FX S3 Param 12,"(None, None, None)"
453,a_lfo_6_attack,A LFO 6 Attack,"(None, None, None)"
454,b_scene_lfo_6_rate,B Scene LFO 6 Rate,"(0.008, 512.0, None)"
455,a_scene_lfo_5_unipolar,A Scene LFO 5 Unipolar,"(False, True, 1)"
456,send_fx_2_return,Send FX 2 Return,"(-inf, 0.0, None)"
457,fx_s4_fx_type,FX S4 FX Type,"(None, None, None)"
458,fx_g3_param_10,FX G3 Param 10,"(None, None, None)"
459,fx_s2_param_5,FX S2 Param 5,"(None, None, None)"
460,character,Character,"(None, None, None)"
461,a_osc_1_width_1,A Osc 1 Width 1,"(0.0, 100.0, 0.1)"
462,a_osc_2_width_1,A Osc 2 Width 1,"(0.0, 100.0, 0.1)"
463,a_lfo_6_delay,A LFO 6 Delay,"(None, None, None)"
464,b_pan,B Pan,"(None, None, None)"
465,fx_g1_param_6,FX G1 Param 6,"(None, None, None)"
466,b_scene_lfo_4_phase,B Scene LFO 4 Phase,"(0.0, 100.0, 0.1)"
467,a_osc_1_retrigger,A Osc 1 Retrigger,"(False, True, 1)"
468,b_scene_lfo_5_decay,B Scene LFO 5 Decay,"(None, None, None)"
469,a_osc_3_route,A Osc 3 Route,"(None, None, None)"
470,fx_a2_param_1,FX A2 Param 1,"(None, None, None)"
471,b_osc_2_pitch,B Osc 2 Pitch,"(None, None, None)"
472,b_osc_2_sub_mix,B Osc 2 Sub Mix,"(0.0, 100.0, 0.1)"
473,fx_b1_param_1,FX B1 Param 1,"(None, None, None)"
474,fx_b2_param_6,FX B2 Param 6,"(None, None, None)"
475,fx_s1_param_6,FX S1 Param 6,"(None, None, None)"
476,a_lfo_2_release,A LFO 2 Release,"(None, None, None)"
477,polyphony_limit,Polyphony Limit,"(2.0, 64.0, 1.0)"
478,fx_b1_param_7,FX B1 Param 7,"(None, None, None)"
479,fx_s2_fx_type,FX S2 FX Type,"(None, None, None)"
480,fx_g4_param_11,FX G4 Param 11,"(None, None, None)"
481,fx_s2_param_9,FX S2 Param 9,"(None, None, None)"
482,a_scene_lfo_1_rate,A Scene LFO 1 Rate,"(0.008, 512.0, None)"
483,b_scene_lfo_2_sustain,B Scene LFO 2 Sustain,"(0.0, 100.0, 0.1)"
484,fx_s4_param_5,FX S4 Param 5,"(None, None, None)"
485,fx_s1_fx_type,FX S1 FX Type,"(None, None, None)"
486,b_filter_eg_attack_shape,B Filter EG Attack Shape,"(None, None, None)"
487,b_osc_1_sync,B Osc 1 Sync,"(None, None, None)"
488,b_noise_color,B Noise Color,"(-100.0, 100.0, 0.2)"
489,fx_b3_param_1,FX B3 Param 1,"(None, None, None)"
490,a_osc_1_sub_mix,A Osc 1 Sub Mix,"(0.0, 100.0, 0.1)"
491,b_lfo_5_release,B LFO 5 Release,"(None, None, None)"
492,a_osc_2_sync,A Osc 2 Sync,"(None, None, None)"
493,b_noise_solo,B Noise Solo,"(False, True, 1)"
494,b_send_fx_1_level,B Send FX 1 Level,"(-inf, 12.0, None)"
495,b_osc_3_octave,B Osc 3 Octave,"(-3.0, 3.0, 1.0)"
496,b_amp_eg_release,B Amp EG Release,"(None, None, None)"
497,a_filter_eg_envelope_mode,A Filter EG Envelope Mode,"(None, None, None)"
498,fx_a2_param_6,FX A2 Param 6,"(None, None, None)"
499,b_scene_lfo_6_delay,B Scene LFO 6 Delay,"(None, None, None)"
500,a_send_fx_4_level,A Send FX 4 Level,"(-inf, 12.0, None)"
501,b_scene_lfo_2_type,B Scene LFO 2 Type,"(None, None, None)"
502,fx_s4_param_11,FX S4 Param 11,"(None, None, None)"
503,fx_b4_fx_type,FX B4 FX Type,"(None, None, None)"
504,b_ring_modulation_1x2_solo,B Ring Modulation 1x2 Solo,"(False, True, 1)"
505,a_scene_lfo_6_trigger_mode,A Scene LFO 6 Trigger Mode,"(None, None, None)"
506,fx_s1_param_1,FX S1 Param 1,"(None, None, None)"
507,b_lfo_2_trigger_mode,B LFO 2 Trigger Mode,"(None, None, None)"
508,b_lfo_3_type,B LFO 3 Type,"(None, None, None)"
509,b_lfo_3_deform,B LFO 3 Deform,"(-100.0, 100.0, 0.2)"
510,b_lfo_3_phase,B LFO 3 Phase,"(0.0, 100.0, 0.1)"
511,b_octave,B Octave,"(-3.0, 3.0, 1.0)"
512,fx_g1_param_9,FX G1 Param 9,"(None, None, None)"
513,a_lfo_3_phase,A LFO 3 Phase,"(0.0, 100.0, 0.1)"
514,fx_b2_param_10,FX B2 Param 10,"(None, None, None)"
515,a_scene_lfo_4_hold,A Scene LFO 4 Hold,"(None, None, None)"
516,fx_g2_param_11,FX G2 Param 11,"(None, None, None)"
517,a_filter_eg_attack_shape,A Filter EG Attack Shape,"(None, None, None)"
518,fx_b1_fx_type,FX B1 FX Type,"(None, None, None)"
519,fx_b4_param_5,FX B4 Param 5,"(None, None, None)"
520,a_lfo_5_decay,A LFO 5 Decay,"(None, None, None)"
521,a_ring_modulation_2x3_mute,A Ring Modulation 2x3 Mute,"(False, True, 1)"
522,b_osc_3_width_1,B Osc 3 Width 1,"(0.0, 100.0, 0.1)"
523,a_osc_1_sync,A Osc 1 Sync,"(None, None, None)"
524,m4,M4: -,"(0.0, 0.0, None)"
525,a_osc_3_sub_mix,A Osc 3 Sub Mix,"(0.0, 100.0, 0.1)"
526,b_lfo_3_unipolar,B LFO 3 Unipolar,"(False, True, 1)"
527,send_fx_1_return,Send FX 1 Return,"(-inf, 0.0, None)"
528,b_scene_lfo_1_deform,B Scene LFO 1 Deform,"(-100.0, 100.0, 0.2)"
529,a_lfo_3_sustain,A LFO 3 Sustain,"(0.0, 100.0, 0.1)"
530,b_scene_lfo_2_delay,B Scene LFO 2 Delay,"(None, None, None)"
531,b_scene_lfo_4_type,B Scene LFO 4 Type,"(None, None, None)"
532,b_lfo_5_hold,B LFO 5 Hold,"(None, None, None)"
533,a_lfo_2_phase,A LFO 2 Phase,"(0.0, 100.0, 0.1)"
534,fx_b2_param_8,FX B2 Param 8,"(None, None, None)"
535,b_osc_1_keytrack,B Osc 1 Keytrack,"(False, True, 1)"
536,b_lfo_5_rate,B LFO 5 Rate,"(0.008, 512.0, None)"
537,b_lfo_5_unipolar,B LFO 5 Unipolar,"(False, True, 1)"
538,fx_g2_param_9,FX G2 Param 9,"(None, None, None)"
539,fx_g4_param_10,FX G4 Param 10,"(None, None, None)"
540,fx_g3_param_4,FX G3 Param 4,"(None, None, None)"
541,b_scene_lfo_6_unipolar,B Scene LFO 6 Unipolar,"(False, True, 1)"
542,a_scene_lfo_4_phase,A Scene LFO 4 Phase,"(0.0, 100.0, 0.1)"
543,fx_a3_param_9,FX A3 Param 9,"(None, None, None)"
544,a_lfo_5_attack,A LFO 5 Attack,"(None, None, None)"
545,fx_b3_param_3,FX B3 Param 3,"(None, None, None)"
546,b_osc_1_route,B Osc 1 Route,"(None, None, None)"
547,fx_g1_fx_type,FX G1 FX Type,"(None, None, None)"
548,fx_g3_param_1,FX G3 Param 1,"(None, None, None)"
549,a_lfo_2_attack,A LFO 2 Attack,"(None, None, None)"
550,b_osc_3_solo,B Osc 3 Solo,"(False, True, 1)"
551,b_lfo_4_type,B LFO 4 Type,"(None, None, None)"
552,fx_g4_param_2,FX G4 Param 2,"(None, None, None)"
553,a_scene_lfo_4_unipolar,A Scene LFO 4 Unipolar,"(False, True, 1)"
554,b_pitch_bend_down_range,B Pitch Bend Down Range,"(None, None, None)"
555,b_osc_2_width_2,B Osc 2 Width 2,"(0.0, 100.0, 0.1)"
556,fx_g1_param_3,FX G1 Param 3,"(None, None, None)"
557,a_scene_lfo_2_type,A Scene LFO 2 Type,"(None, None, None)"
558,b_lfo_4_release,B LFO 4 Release,"(None, None, None)"
559,a_lfo_1_phase,A LFO 1 Phase,"(0.0, 100.0, 0.1)"
560,a_lfo_5_rate,A LFO 5 Rate,"(0.008, 512.0, None)"
561,fx_g3_param_9,FX G3 Param 9,"(None, None, None)"
562,b_velocity_vca_gain,B Velocity > VCA Gain,"(-48.0, 0.0, None)"
563,b_lfo_1_sustain,B LFO 1 Sustain,"(0.0, 100.0, 0.1)"
564,a_filter_2_cutoff,A Filter 2 Cutoff,"(13.75, 25087.71, None)"
565,b_scene_lfo_3_phase,B Scene LFO 3 Phase,"(0.0, 100.0, 0.1)"
566,b_osc_2_mute,B Osc 2 Mute,"(False, True, 1)"
567,a_ring_modulation_1x2_route,A Ring Modulation 1x2 Route,"(None, None, None)"
568,fx_a2_param_2,FX A2 Param 2,"(None, None, None)"
569,a_lfo_3_unipolar,A LFO 3 Unipolar,"(False, True, 1)"
570,a_scene_lfo_3_sustain,A Scene LFO 3 Sustain,"(0.0, 100.0, 0.1)"
571,a_filter_eg_attack,A Filter EG Attack,"(None, None, None)"
572,b_scene_lfo_1_unipolar,B Scene LFO 1 Unipolar,"(False, True, 1)"
573,a_osc_2_octave,A Osc 2 Octave,"(-3.0, 3.0, 1.0)"
574,b_filter_eg_release_shape,B Filter EG Release Shape,"(None, None, None)"
575,fx_b4_param_10,FX B4 Param 10,"(None, None, None)"
576,a_lfo_1_trigger_mode,A LFO 1 Trigger Mode,"(None, None, None)"
577,a_lfo_2_type,A LFO 2 Type,"(None, None, None)"
578,b_filter_2_subtype,B Filter 2 Subtype,"(None, None, None)"
579,b_scene_lfo_5_amplitude,B Scene LFO 5 Amplitude,"(0.0, 100.0, 0.1)"
580,a_scene_lfo_6_rate,A Scene LFO 6 Rate,"(0.008, 512.0, None)"
581,a_scene_lfo_6_deform,A Scene LFO 6 Deform,"(-100.0, 100.0, 0.2)"
582,a_osc_2_type,A Osc 2 Type,"(None, None, None)"
583,b_filter_2_resonance,B Filter 2 Resonance,"(0.0, 100.0, 0.1)"
584,b_scene_lfo_4_trigger_mode,B Scene LFO 4 Trigger Mode,"(None, None, None)"
585,b_filter_eg_envelope_mode,B Filter EG Envelope Mode,"(None, None, None)"
586,a_lfo_6_amplitude,A LFO 6 Amplitude,"(0.0, 100.0, 0.1)"
587,a_scene_lfo_3_amplitude,A Scene LFO 3 Amplitude,"(0.0, 100.0, 0.1)"
588,b_play_mode,B Play Mode,"(None, None, None)"
589,b_scene_lfo_3_amplitude,B Scene LFO 3 Amplitude,"(0.0, 100.0, 0.1)"
590,b_lfo_6_sustain,B LFO 6 Sustain,"(0.0, 100.0, 0.1)"
591,a_lfo_5_hold,A LFO 5 Hold,"(None, None, None)"
592,a_lfo_5_unipolar,A LFO 5 Unipolar,"(False, True, 1)"
593,a_scene_lfo_1_release,A Scene LFO 1 Release,"(None, None, None)"
594,b_lfo_2_attack,B LFO 2 Attack,"(None, None, None)"
595,b_scene_lfo_2_attack,B Scene LFO 2 Attack,"(None, None, None)"
596,a_highpass,A Highpass,"(6.88, 1046.5, None)"
597,a_scene_lfo_1_deform,A Scene LFO 1 Deform,"(-100.0, 100.0, 0.2)"
598,a_osc_3_keytrack,A Osc 3 Keytrack,"(False, True, 1)"
599,a_width,A Width,"(-100.0, 100.0, 0.2)"
600,a_lfo_2_trigger_mode,A LFO 2 Trigger Mode,"(None, None, None)"
601,a_scene_lfo_3_release,A Scene LFO 3 Release,"(None, None, None)"
602,b_fm_routing,B FM Routing,"(None, None, None)"
603,b_lfo_2_amplitude,B LFO 2 Amplitude,"(0.0, 100.0, 0.1)"
604,b_lfo_5_type,B LFO 5 Type,"(None, None, None)"
605,fx_s4_param_12,FX S4 Param 12,"(None, None, None)"
606,fx_g4_param_9,FX G4 Param 9,"(None, None, None)"
607,b_scene_lfo_3_sustain,B Scene LFO 3 Sustain,"(0.0, 100.0, 0.1)"
608,a_osc_1_pitch,A Osc 1 Pitch,"(None, None, None)"
609,fx_s2_param_4,FX S2 Param 4,"(None, None, None)"
610,a_filter_2_offset_mode,A Filter 2 Offset Mode,"(False, True, 1)"
611,fx_a4_param_7,FX A4 Param 7,"(None, None, None)"
612,b_scene_lfo_3_trigger_mode,B Scene LFO 3 Trigger Mode,"(None, None, None)"
613,fx_g1_param_5,FX G1 Param 5,"(None, None, None)"
614,fx_b3_param_11,FX B3 Param 11,"(None, None, None)"
615,m3,M3: -,"(0.0, 0.0, None)"
616,a_filter_1_resonance,A Filter 1 Resonance,"(0.0, 100.0, 0.1)"
617,fx_g3_param_5,FX G3 Param 5,"(None, None, None)"
618,a_filter_eg_release_shape,A Filter EG Release Shape,"(None, None, None)"
619,b_pitch_bend_up_range,B Pitch Bend Up Range,"(None, None, None)"
620,fx_b1_param_4,FX B1 Param 4,"(None, None, None)"
621,a_scene_lfo_5_sustain,A Scene LFO 5 Sustain,"(0.0, 100.0, 0.1)"
622,b_osc_2_route,B Osc 2 Route,"(None, None, None)"
623,b_send_fx_2_level,B Send FX 2 Level,"(-inf, 12.0, None)"
624,b_osc_3_unison_detune,B Osc 3 Unison Detune,"(None, None, None)"
625,a_noise_mute,A Noise Mute,"(False, True, 1)"
626,fx_s2_param_10,FX S2 Param 10,"(None, None, None)"
627,b_lfo_3_attack,B LFO 3 Attack,"(None, None, None)"
628,b_send_fx_3_level,B Send FX 3 Level,"(-inf, 12.0, None)"
629,b_osc_3_width_2,B Osc 3 Width 2,"(0.0, 100.0, 0.1)"
630,fx_b2_fx_type,FX B2 FX Type,"(None, None, None)"
631,b_osc_3_pitch,B Osc 3 Pitch,"(None, None, None)"
632,a_lfo_5_sustain,A LFO 5 Sustain,"(0.0, 100.0, 0.1)"
633,a_filter_eg_decay_shape,A Filter EG Decay Shape,"(None, None, None)"
634,b_filter_1_cutoff,B Filter 1 Cutoff,"(13.75, 25087.71, None)"
635,b_scene_lfo_4_amplitude,B Scene LFO 4 Amplitude,"(0.0, 100.0, 0.1)"
636,fx_g1_param_2,FX G1 Param 2,"(None, None, None)"
637,fx_g3_param_12,FX G3 Param 12,"(None, None, None)"
638,fx_b4_param_6,FX B4 Param 6,"(None, None, None)"
639,b_noise_mute,B Noise Mute,"(False, True, 1)"
640,b_lfo_5_amplitude,B LFO 5 Amplitude,"(0.0, 100.0, 0.1)"
641,a_scene_lfo_1_sustain,A Scene LFO 1 Sustain,"(0.0, 100.0, 0.1)"
642,a_keytrack_root_key,A Keytrack Root Key,"(None, None, None)"
643,fx_g3_param_6,FX G3 Param 6,"(None, None, None)"
644,a_send_fx_1_level,A Send FX 1 Level,"(-inf, 12.0, None)"
645,a_osc_3_solo,A Osc 3 Solo,"(False, True, 1)"
646,fx_g4_param_3,FX G4 Param 3,"(None, None, None)"
647,b_scene_lfo_2_phase,B Scene LFO 2 Phase,"(0.0, 100.0, 0.1)"
648,a_play_mode,A Play Mode,"(None, None, None)"
649,a_scene_lfo_4_decay,A Scene LFO 4 Decay,"(None, None, None)"
650,fx_a1_param_4,FX A1 Param 4,"(None, None, None)"
651,fx_g4_param_5,FX G4 Param 5,"(None, None, None)"
652,fx_s4_param_8,FX S4 Param 8,"(None, None, None)"
653,a_scene_lfo_6_decay,A Scene LFO 6 Decay,"(None, None, None)"
654,a_filter_1_keytrack,A Filter 1 Keytrack,"(-100.0, 100.0, 0.2)"
655,fx_g3_param_11,FX G3 Param 11,"(None, None, None)"
656,b_lfo_1_unipolar,B LFO 1 Unipolar,"(False, True, 1)"
657,b_osc_1_retrigger,B Osc 1 Retrigger,"(False, True, 1)"
658,b_scene_lfo_1_release,B Scene LFO 1 Release,"(None, None, None)"
659,b_lfo_3_trigger_mode,B LFO 3 Trigger Mode,"(None, None, None)"
660,fx_s2_param_8,FX S2 Param 8,"(None, None, None)"
661,b_lfo_3_amplitude,B LFO 3 Amplitude,"(0.0, 100.0, 0.1)"
662,b_lfo_3_release,B LFO 3 Release,"(None, None, None)"
663,a_lfo_4_release,A LFO 4 Release,"(None, None, None)"
664,fx_s4_param_4,FX S4 Param 4,"(None, None, None)"
665,m2,M2: -,"(0.0, 0.0, None)"
666,b_scene_lfo_6_release,B Scene LFO 6 Release,"(None, None, None)"
667,b_scene_lfo_4_sustain,B Scene LFO 4 Sustain,"(0.0, 100.0, 0.1)"
668,b_filter_2_feg_mod_amount,B Filter 2 FEG Mod Amount,"(None, None, None)"
669,a_osc_1_volume,A Osc 1 Volume,"(-inf, 0.0, None)"
670,b_osc_3_type,B Osc 3 Type,"(None, None, None)"
671,a_scene_lfo_1_attack,A Scene LFO 1 Attack,"(None, None, None)"
672,a_scene_lfo_5_trigger_mode,A Scene LFO 5 Trigger Mode,"(None, None, None)"
673,a_lfo_2_delay,A LFO 2 Delay,"(None, None, None)"
674,b_osc_2_octave,B Osc 2 Octave,"(-3.0, 3.0, 1.0)"
675,b_lfo_6_amplitude,B LFO 6 Amplitude,"(0.0, 100.0, 0.1)"
676,b_scene_lfo_4_deform,B Scene LFO 4 Deform,"(-100.0, 100.0, 0.2)"
677,fx_a3_param_5,FX A3 Param 5,"(None, None, None)"
678,a_lfo_1_amplitude,A LFO 1 Amplitude,"(0.0, 100.0, 0.1)"
679,b_lfo_4_trigger_mode,B LFO 4 Trigger Mode,"(None, None, None)"
680,fx_g1_param_7,FX G1 Param 7,"(None, None, None)"
681,fx_a2_param_7,FX A2 Param 7,"(None, None, None)"
682,fx_a4_param_2,FX A4 Param 2,"(None, None, None)"
683,b_ring_modulation_2x3_route,B Ring Modulation 2x3 Route,"(None, None, None)"
684,fx_b4_param_4,FX B4 Param 4,"(None, None, None)"
685,a_osc_1_keytrack,A Osc 1 Keytrack,"(False, True, 1)"
686,a_osc_2_sub_mix,A Osc 2 Sub Mix,"(0.0, 100.0, 0.1)"
687,a_scene_lfo_3_deform,A Scene LFO 3 Deform,"(-100.0, 100.0, 0.2)"
688,a_lfo_4_type,A LFO 4 Type,"(None, None, None)"
689,a_scene_lfo_4_type,A Scene LFO 4 Type,"(None, None, None)"
690,b_filter_eg_sustain,B Filter EG Sustain,"(0.0, 100.0, 0.1)"
691,a_scene_lfo_2_phase,A Scene LFO 2 Phase,"(0.0, 100.0, 0.1)"
692,a_scene_lfo_1_delay,A Scene LFO 1 Delay,"(None, None, None)"
693,b_scene_lfo_5_delay,B Scene LFO 5 Delay,"(None, None, None)"
694,fx_a3_param_8,FX A3 Param 8,"(None, None, None)"
695,m6,M6: -,"(0.0, 0.0, None)"
696,fx_s2_param_7,FX S2 Param 7,"(None, None, None)"
697,b_osc_3_route,B Osc 3 Route,"(None, None, None)"
698,b_lfo_4_attack,B LFO 4 Attack,"(None, None, None)"
699,fx_g3_param_7,FX G3 Param 7,"(None, None, None)"
700,fx_b1_param_8,FX B1 Param 8,"(None, None, None)"
701,fx_g2_param_2,FX G2 Param 2,"(None, None, None)"
702,a_lfo_5_deform,A LFO 5 Deform,"(-100.0, 100.0, 0.2)"
703,a_scene_lfo_4_deform,A Scene LFO 4 Deform,"(-100.0, 100.0, 0.2)"
704,a_osc_2_solo,A Osc 2 Solo,"(False, True, 1)"
705,a_lfo_4_unipolar,A LFO 4 Unipolar,"(False, True, 1)"
706,a_osc_1_octave,A Osc 1 Octave,"(-3.0, 3.0, 1.0)"
707,a_lfo_1_type,A LFO 1 Type,"(None, None, None)"
708,fx_a1_param_6,FX A1 Param 6,"(None, None, None)"
709,a_scene_lfo_5_hold,A Scene LFO 5 Hold,"(None, None, None)"
710,b_lfo_4_amplitude,B LFO 4 Amplitude,"(0.0, 100.0, 0.1)"
711,a_ring_modulation_2x3_solo,A Ring Modulation 2x3 Solo,"(False, True, 1)"
712,b_volume,B Volume,"(-inf, 0.0, None)"
713,fx_s1_param_5,FX S1 Param 5,"(None, None, None)"
714,fx_a2_param_3,FX A2 Param 3,"(None, None, None)"
715,b_ring_modulation_2x3_volume,B Ring Modulation 2x3 Volume,"(-inf, 0.0, None)"
716,b_filter_2_type,B Filter 2 Type,"(None, None, None)"
717,b_scene_lfo_2_deform,B Scene LFO 2 Deform,"(-100.0, 100.0, 0.2)"
718,b_scene_lfo_6_deform,B Scene LFO 6 Deform,"(-100.0, 100.0, 0.2)"
719,fx_a1_param_12,FX A1 Param 12,"(None, None, None)"
720,fx_a4_param_11,FX A4 Param 11,"(None, None, None)"
721,fx_b3_param_5,FX B3 Param 5,"(None, None, None)"
722,b_osc_2_volume,B Osc 2 Volume,"(-inf, 0.0, None)"
723,send_fx_3_return,Send FX 3 Return,"(-inf, 0.0, None)"
724,a_filter_2_type,A Filter 2 Type,"(None, None, None)"
725,b_osc_2_width_1,B Osc 2 Width 1,"(0.0, 100.0, 0.1)"
726,b_osc_2_solo,B Osc 2 Solo,"(False, True, 1)"
727,a_lfo_2_amplitude,A LFO 2 Amplitude,"(0.0, 100.0, 0.1)"
728,a_lfo_2_unipolar,A LFO 2 Unipolar,"(False, True, 1)"
729,fx_g3_param_3,FX G3 Param 3,"(None, None, None)"
730,a_amp_eg_envelope_mode,A Amp EG Envelope Mode,"(None, None, None)"
731,fx_s1_param_4,FX S1 Param 4,"(None, None, None)"
732,a_lfo_3_type,A LFO 3 Type,"(None, None, None)"
733,a_scene_lfo_2_release,A Scene LFO 2 Release,"(None, None, None)"
734,b_ring_modulation_2x3_mute,B Ring Modulation 2x3 Mute,"(False, True, 1)"
735,b_lfo_2_unipolar,B LFO 2 Unipolar,"(False, True, 1)"
736,b_scene_lfo_1_sustain,B Scene LFO 1 Sustain,"(0.0, 100.0, 0.1)"
737,b_scene_lfo_3_release,B Scene LFO 3 Release,"(None, None, None)"
738,a_scene_lfo_1_unipolar,A Scene LFO 1 Unipolar,"(False, True, 1)"
739,fx_g1_param_12,FX G1 Param 12,"(None, None, None)"
740,a_scene_lfo_6_sustain,A Scene LFO 6 Sustain,"(0.0, 100.0, 0.1)"
741,b_vca_gain,B VCA Gain,"(-48.0, 48.0, None)"
742,a_lfo_4_amplitude,A LFO 4 Amplitude,"(0.0, 100.0, 0.1)"
743,b_osc_2_unison_detune,B Osc 2 Unison Detune,"(None, None, None)"
744,a_lfo_1_deform,A LFO 1 Deform,"(-100.0, 100.0, 0.2)"
745,b_scene_lfo_1_rate,B Scene LFO 1 Rate,"(0.008, 512.0, None)"
746,b_scene_lfo_1_trigger_mode,B Scene LFO 1 Trigger Mode,"(None, None, None)"
747,b_osc_2_type,B Osc 2 Type,"(None, None, None)"
748,a_osc_1_shape,A Osc 1 Shape,"(-100.0, 100.0, 0.2)"
749,fx_s1_param_3,FX S1 Param 3,"(None, None, None)"
750,a_lfo_1_rate,A LFO 1 Rate,"(0.008, 512.0, None)"
751,a_osc_2_unison_detune,A Osc 2 Unison Detune,"(None, None, None)"
752,b_filter_eg_attack,B Filter EG Attack,"(None, None, None)"
753,bypass_surge_xt,Bypass Surge XT,"(None, None, None)"
754,fx_g2_param_6,FX G2 Param 6,"(None, None, None)"
755,fx_g4_fx_type,FX G4 FX Type,"(None, None, None)"
756,b_osc_3_mute,B Osc 3 Mute,"(False, True, 1)"
757,a_scene_lfo_5_amplitude,A Scene LFO 5 Amplitude,"(0.0, 100.0, 0.1)"
758,b_lfo_1_release,B LFO 1 Release,"(None, None, None)"
759,fx_b2_param_7,FX B2 Param 7,"(None, None, None)"
760,fx_g2_param_4,FX G2 Param 4,"(None, None, None)"
761,fx_s2_param_2,FX S2 Param 2,"(None, None, None)"
762,fx_b1_param_2,FX B1 Param 2,"(None, None, None)"
763,b_lfo_2_decay,B LFO 2 Decay,"(None, None, None)"
764,b_lfo_5_delay,B LFO 5 Delay,"(None, None, None)"
765,b_scene_lfo_5_release,B Scene LFO 5 Release,"(None, None, None)"
766,a_noise_volume,A Noise Volume,"(-inf, 0.0, None)"
767,a_ring_modulation_2x3_route,A Ring Modulation 2x3 Route,"(None, None, None)"
768,a_scene_lfo_5_release,A Scene LFO 5 Release,"(None, None, None)"
769,a_lfo_5_delay,A LFO 5 Delay,"(None, None, None)"
770,b_lfo_6_type,B LFO 6 Type,"(None, None, None)"
771,b_scene_lfo_4_attack,B Scene LFO 4 Attack,"(None, None, None)"
772,a_osc_2_keytrack,A Osc 2 Keytrack,"(False, True, 1)"
773,fx_s3_param_10,FX S3 Param 10,"(None, None, None)"
774,fx_b1_param_9,FX B1 Param 9,"(None, None, None)"
